0,1.00210710662266,-0.000260642792221354
1,1.00184665654889,-0.000260256998150511
2,1.00158659334068,-0.000259869061101433
3,1.00132691914101,-0.000259478981074121
4,1.00106763609286,-0.000259086758068575
5,1.0008087463392,-0.000258692392084794
6,1.00055025202302,-0.000258295883122779
7,1.00029215528728,-0.000257897231182529
8,1.00003445827498,-0.000257496436264045
9,0.99977716312908,-0.000257093498367327
10,0.999520271992569,-0.000256688417492374
11,0.999263787008422,-0.000256281193639187
12,0.999007710319617,-0.000255871826807766
13,0.998752044069132,-0.00025546031699811
14,0.998496790399947,-0.00025504666421022
15,0.998241951455038,-0.000254630868444095
16,0.997987529377385,-0.000254212929699736
17,0.997733526309965,-0.000253792847977143
18,0.997479944395756,-0.000253370623276315
19,0.997226785777738,-0.000252946255597253
20,0.996974052598888,-0.000252519744939957
21,0.996721747002184,-0.000252091091304426
22,0.996469871130605,-0.000251660294690661
23,0.996218427127129,-0.000251227355098661
24,0.995967417134734,-0.000250792272528427
25,0.995716843296398,-0.000250355046979959
26,0.9954667077551,-0.000249915678453256
27,0.995217012653818,-0.000249474166948319
28,0.994967760135529,-0.000249030512465147
29,0.994718952343214,-0.000248584715003742
30,0.994470591419848,-0.000248136774564101
31,0.994222679508411,-0.000247686691146227
32,0.993975218751882,-0.000247234464750118
33,0.993728211293237,-0.000246780095375774
34,0.993481659275456,-0.000246323583023197
35,0.993235564841517,-0.000245864927692384
36,0.992989930134398,-0.000245404129383338
37,0.992744757297076,-0.000244941188096057
38,0.992500048472531,-0.000244476103830542
39,0.992255805803741,-0.000244008876586792
40,0.992012031433684,-0.000243539506364808
41,0.991768727505338,-0.00024306799316459
42,0.991525896161681,-0.000242594336986137
43,0.991283539545692,-0.00024211853782945
44,0.991041659800348,-0.000241640595694528
45,0.990800259068629,-0.000241160510581372
46,0.990559339493511,-0.000240678282489982
47,0.990318903217975,-0.000240193911420357
48,0.990078952384997,-0.000239707397372498
49,0.989839489137556,-0.000239218740346405
50,0.98960051561863,-0.000238727940342077
51,0.989362033971198,-0.000238234997359515
52,0.989124046338237,-0.000237739911398718
53,0.988886554862726,-0.000237242682459687
54,0.988649561687644,-0.000236743310542422
55,0.988413068955968,-0.000236241795646922
56,0.988177078810676,-0.000235738137773188
57,0.987941593394747,-0.00023523233692122
58,0.98770661485116,-0.000234724393091017
59,0.987472145322891,-0.00023421430628258
60,0.987238186952921,-0.000233702076495908
61,0.987004741884226,-0.000233187703731002
62,0.986771812259785,-0.000232671187987862
63,0.986539400222576,-0.000232152529266487
64,0.986307507915578,-0.000231631727566878
65,0.986076137481768,-0.000231108782889035
66,0.985845291064126,-0.000230583695232957
67,0.985614970805628,-0.000230056464598644
68,0.985385178849255,-0.000229527090986098
69,0.985155917337982,-0.000228995574395317
70,0.98492718841479,-0.000228461914826301
71,0.984698994222656,-0.000227926112279052
72,0.984471336904558,-0.000227388166753568
73,0.984244218603475,-0.000226848078249849
74,0.984017641462384,-0.000226305846767896
75,0.983791607624265,-0.000225761472307709
76,0.983566119232095,-0.000225214954869287
77,0.983341178428852,-0.000224666294452631
78,0.983116787357516,-0.000224115491057741
79,0.982892948161063,-0.000223562544684616
80,0.982669662982473,-0.000223007455333257
81,0.982446933964723,-0.000222450223003663
82,0.982224763250791,-0.000221890847695835
83,0.982003152983657,-0.000221329329409773
84,0.981782105306298,-0.000220765668145477
85,0.981561622361692,-0.000220199863902945
86,0.981341706292818,-0.00021963191668218
87,0.981122359242654,-0.00021906182648318
88,0.980903583354178,-0.000218489593305946
89,0.980685380770368,-0.000217915217150478
90,0.980467753634203,-0.000217338698016775
91,0.980250704088661,-0.000216760035904837
92,0.980034234276719,-0.000216179230814666
93,0.979818346341357,-0.000215596282746259
94,0.979603042425553,-0.000215011191699619
95,0.979388324672284,-0.000214423957674744
96,0.97917419522453,-0.000213834580671635
97,0.978960656225267,-0.000213243060690291
98,0.978747709817475,-0.000212649397730713
99,0.978535358144132,-0.000212053591792901
100,0.978323603348215,-0.000211455642876854
101,0.978112447572704,-0.000210855550982573
102,0.977901892960576,-0.000210253316110058
103,0.97769194165481,-0.000209648938259308
104,0.977482595798384,-0.000209042417430324
105,0.977273857534275,-0.000208433753623105
106,0.977065729005464,-0.000207822946837652
107,0.976858212354926,-0.000207209997073965
108,0.976651309725642,-0.000206594904332043
109,0.976445023260588,-0.000205977668611887
110,0.976239355102744,-0.000205358289913496
111,0.976034307395087,-0.000204736768236871
112,0.975829882280596,-0.000204113103582012
113,0.975626081902249,-0.000203487295948919
114,0.975422908403025,-0.000202859345337591
115,0.9752203639259,-0.000202229251748028
116,0.975018450613855,-0.000201597015180231
117,0.974817170609866,-0.0002009626356342
118,0.974616526056912,-0.000200326113109935
119,0.974416519097972,-0.000199687447607435
120,0.974217151876024,-0.000199046639126701
121,0.974018426534045,-0.000198403687667732
122,0.973820345215014,-0.000197758593230529
123,0.97362291006191,-0.000197111355815091
124,0.97342612321771,-0.00019646197542142
125,0.973229986825393,-0.000195810452049513
126,0.973034503027937,-0.000195156785699373
127,0.97283967396832,-0.000194500976370998
128,0.972645501789521,-0.000193843024064389
129,0.972451988634518,-0.000193182928779545
130,0.972259136646288,-0.000192520690516467
131,0.972066947967811,-0.000191856309275154
132,0.971875424742064,-0.000191189785055608
133,0.971684569112026,-0.000190521117857826
134,0.971494383220674,-0.000189850307681811
135,0.971304869210988,-0.000189177354527561
136,0.971116029225945,-0.000188502258395076
137,0.970927865408524,-0.000187825019284358
138,0.970740379901703,-0.000187145637195405
139,0.970553574848459,-0.000186464112128217
140,0.970367452391772,-0.000185780444082795
141,0.97018201467462,-0.000185094633059139
142,0.96999726383998,-0.000184406679057248
143,0.969813202030831,-0.000183716582077123
144,0.969629831390152,-0.000183024342118764
145,0.96944715406092,-0.00018232995918217
146,0.969265172186114,-0.000181633433267342
147,0.969083887908711,-0.00018093476437428
148,0.968903303371691,-0.000180233952502983
149,0.968723420718031,-0.000179530997653452
150,0.96854424209071,-0.000178825899825686
151,0.968365769632706,-0.000178118659019686
152,0.968188005486997,-0.000177409275235452
153,0.968010951796561,-0.000176697748472983
154,0.967834610704377,-0.00017598407873228
155,0.967658984353423,-0.000175268266013342
156,0.967484074886677,-0.00017455031031617
157,0.967309884447117,-0.000173830211640764
158,0.967136415177721,-0.000173107969987123
159,0.966963669221468,-0.000172383585355248
160,0.966791648721337,-0.000171657057745139
161,0.966620355820304,-0.000170928387156795
162,0.966449792661349,-0.000170197573590217
163,0.96627996138745,-0.000169464617045404
164,0.966110864141584,-0.000168729517522357
165,0.965942503066731,-0.000167992275021076
166,0.965774880305868,-0.00016725288954156
167,0.965607998001974,-0.00016651136108381
168,0.965441858298027,-0.000165767689647826
169,0.965276463337005,-0.000165021875233607
170,0.965111815261886,-0.000164273917841154
171,0.964947916215648,-0.000163523817470466
172,0.964784768341271,-0.000162771574121544
173,0.964622373781731,-0.000162017187794388
174,0.964460734680008,-0.000161260658488997
175,0.964299853179079,-0.000160501986205372
176,0.964139731421923,-0.000159741170943513
177,0.963980371551519,-0.000158978212703419
178,0.963821775710843,-0.000158213111485091
179,0.963663946042874,-0.000157445867288528
180,0.963506884690592,-0.000156676480113731
181,0.963350593796973,-0.0001559049499607
182,0.963195075504996,-0.000155131276829434
183,0.96304033195764,-0.000154355460719934
184,0.962886365297883,-0.000153577501632199
185,0.962733177668702,-0.00015279739956623
186,0.962580771213076,-0.000152015154522027
187,0.962429148073984,-0.00015123076649959
188,0.962278310394403,-0.000150444235498917
189,0.962128260317312,-0.000149655561520011
190,0.961978999985689,-0.00014886474456287
191,0.961830531542513,-0.000148071784627495
192,0.961682861863511,-0.000147264969550987
193,0.961535999696134,-0.000146460633541575
194,0.961389938059748,-0.000145663907571222
195,0.961244669344312,-0.000144874791639928
196,0.961100185939788,-0.000144093285747693
197,0.960956480236137,-0.000143319389894517
198,0.96081354462332,-0.000142553104080401
199,0.960671371491297,-0.000141794428305343
200,0.960529953230029,-0.000141043362569345
201,0.960389282229478,-0.000140299906872405
202,0.960249350879605,-0.000139564061214525
203,0.960110151570369,-0.000138835825595704
204,0.959971676691734,-0.000138115200015942
205,0.959833918633658,-0.000137402184475239
206,0.959696869786103,-0.000136696778973595
207,0.959560522539031,-0.000135998983511011
208,0.959424869282402,-0.000135308798087485
209,0.959289902406176,-0.000134626222703019
210,0.959155614300316,-0.000133951257357611
211,0.959021997354782,-0.000133283902051263
212,0.958889043959534,-0.000132624156783974
213,0.958756746504534,-0.000131972021555744
214,0.958625097379743,-0.000131327496366573
215,0.958494088975121,-0.000130690581216461
216,0.95836371368063,-0.000130061276105409
217,0.95823396388623,-0.000129439581033415
218,0.958104831981884,-0.000128825496000481
219,0.95797631035755,-0.000128219021006606
220,0.957848391403191,-0.000127620156051789
221,0.957721067508767,-0.000127028901136032
222,0.957594331064239,-0.000126445256259334
223,0.957468174459568,-0.000125869221421696
224,0.957342590084716,-0.000125300796623116
225,0.957217570329642,-0.000124739981863595
226,0.957093107584309,-0.000124186777143134
227,0.956969194238676,-0.000123641182461731
228,0.956845822682706,-0.000123103197819388
229,0.956722985306358,-0.000122572823216104
230,0.956600674499594,-0.000122050058651879
231,0.956478882652374,-0.000121534904126713
232,0.956357602154661,-0.000121027359640606
233,0.956236825396414,-0.000120527425193558
234,0.956116544767594,-0.00012003510078557
235,0.955996752658163,-0.00011955038641664
236,0.955877441458081,-0.00011907328208677
237,0.95575860355731,-0.000118603787795959
238,0.955640231345809,-0.000118141903544207
239,0.955522317213541,-0.000117687629331514
240,0.955404853550467,-0.00011724096515788
241,0.955287832746546,-0.000116801911023305
242,0.95517124719174,-0.000116370466927789
243,0.955055089276011,-0.000115946632871333
244,0.954939351389318,-0.000115530408853935
245,0.954824025921623,-0.000115121794875597
246,0.954709105262887,-0.000114720790936318
247,0.954594581803071,-0.000114327397036098
248,0.954480447932135,-0.000113941613174937
249,0.954366696040041,-0.000113563439352835
250,0.95425331851675,-0.000113192875569792
251,0.954140307752222,-0.000112829921825808
252,0.954027656136419,-0.000112474578120884
253,0.953915356059301,-0.000112126844455018
254,0.953803399910829,-0.000111786720828212
255,0.953691780080964,-0.000111454207240465
256,0.953580488959668,-0.000111129303691777
257,0.953469518936901,-0.000110812010182148
258,0.953358862402624,-0.000110502326711578
259,0.953248511746798,-0.000110200253280067
260,0.953138459359384,-0.000109905789887616
261,0.953028697630343,-0.000109618936534223
262,0.952919218949636,-0.00010933969321989
263,0.952810015707224,-0.000109068059944615
264,0.952701080293067,-0.0001088040367084
265,0.952592405097128,-0.000108547623511244
266,0.952483982509365,-0.000108298820353147
267,0.952375804919741,-0.000108057627234109
268,0.952267864718217,-0.000107824044154131
269,0.952160154294754,-0.000107598071113211
270,0.952052666039311,-0.00010737970811135
271,0.951945392341851,-0.000107168955148549
272,0.951838325592334,-0.000106965812224807
273,0.951731458180722,-0.000106770279340124
274,0.951624782496974,-0.0001065823564945
275,0.951518290931053,-0.000106402043687935
276,0.951411975872919,-0.000106229340920429
277,0.951305829712533,-0.000106064248191982
278,0.951199844839855,-0.000105906765502595
279,0.951094013644848,-0.000105756892852266
280,0.950988328517471,-0.000105614630240997
281,0.950882781847686,-0.000105479977668786
282,0.950777366025454,-0.000105352935135635
283,0.950672073440735,-0.000105233502641543
284,0.950566896483491,-0.00010512168018651
285,0.950461827543682,-0.000105017467770537
286,0.95035685901127,-0.000104920865393622
287,0.950251983276216,-0.000104831873055766
288,0.950147192728479,-0.00010475049075697
289,0.950042479758022,-0.000104676718497233
290,0.949937836754805,-0.000104610556276554
291,0.949833256108789,-0.000104552004094935
292,0.949728730209935,-0.000104501061952375
293,0.949624251448205,-0.000104457729848874
294,0.949519812213558,-0.000104422007784433
295,0.949415404895956,-0.00010439389575905
296,0.94931102188536,-0.000104373393772726
297,0.949206655571731,-0.000104360501825462
298,0.94910229834503,-0.000104355219917257
299,0.948997942595217,-0.00010435754804811
300,0.948893580712254,-0.000104367486218023
301,0.948789205086101,-0.000104385034426995
302,0.94868480810672,-0.000104410192675026
303,0.948580382164071,-0.000104442960962117
304,0.948475919648116,-0.000104483339288266
305,0.948371412948815,-0.000104531327653474
306,0.948266854456129,-0.000104586926057742
307,0.94816223656002,-0.000104650134501069
308,0.948057551650448,-0.000104720952983455
309,0.947952792117373,-0.0001047993815049
310,0.947847950350758,-0.000104885420065404
311,0.947743018740563,-0.000104979068664967
312,0.947637989676749,-0.000105080327303589
313,0.947532855549276,-0.00010518919598127
314,0.947427608748106,-0.000105305674698011
315,0.9473222416632,-0.00010542976345381
316,0.947216746684519,-0.000105561462248669
317,0.947111116202023,-0.000105700771082587
318,0.947005342605674,-0.000105847689955564
319,0.946899418285432,-0.0001060022188676
320,0.946793335631259,-0.000106164357818695
321,0.946687087033115,-0.00010633410680885
322,0.946580664880962,-0.000106511465838063
323,0.94647406156476,-0.000106696434906335
324,0.946367269474469,-0.000106889014013667
325,0.946260281000053,-0.000107089203160058
326,0.94615308853147,-0.000107297002345508
327,0.946045684458682,-0.000107512411570017
328,0.94593806117165,-0.000107735430833585
329,0.945830211060335,-0.000107966060136212
330,0.945722126514698,-0.000108204299477898
331,0.9456137999247,-0.000108450148858644
332,0.945505223680301,-0.000108703608278448
333,0.945396390171463,-0.000108964677737312
334,0.945287291788147,-0.000109233357235235
335,0.945177920920313,-0.000109509646772217
336,0.945068269957922,-0.000109793546348258
337,0.944958331290937,-0.000110085055963358
338,0.944848097309316,-0.000110384175617517
339,0.944737560403022,-0.000110690905310735
340,0.944626712962015,-0.000111005245043013
341,0.944515547376256,-0.000111327194814349
342,0.944404056035706,-0.000111656754624745
343,0.944292231330327,-0.0001119939244742
344,0.944180065650078,-0.000112338704362714
345,0.944067551384922,-0.000112691094290287
346,0.943954680924818,-0.000113051094256919
347,0.943841446659728,-0.00011341870426261
348,0.943727840979613,-0.00011379392430736
349,0.943613856274434,-0.00011417675439117
350,0.943499484934151,-0.000114567194514038
351,0.943384719348726,-0.000114965244675966
352,0.94326955190812,-0.000115370904876953
353,0.943153975002292,-0.000115784175116999
354,0.943037981021206,-0.000116205055396104
355,0.942921562354821,-0.000116633545714268
356,0.942804711393098,-0.000117069646071491
357,0.942687420525998,-0.000117513356467774
358,0.942569682143482,-0.000117964676903115
359,0.942451564357759,-0.000118146009268958
360,0.942333441685416,-0.000118099598466583
361,0.942215364634724,-0.000118054765968321
362,0.942097331627378,-0.00011801151177417
363,0.941979341085074,-0.000117969835884131
364,0.941861391429509,-0.000117929738298205
365,0.941743481082377,-0.000117891219016391
366,0.941625608465374,-0.000117854278038688
367,0.941507772000198,-0.000117818915365098
368,0.941389970108543,-0.00011778513099562
369,0.941272201212105,-0.000117752924930254
370,0.941154463732581,-0.000117722297169
371,0.941036756091666,-0.000117693247711858
372,0.940919076711056,-0.000117665776558828
373,0.940801424012447,-0.00011763988370991
374,0.940683796417535,-0.000117615569165104
375,0.940566192348015,-0.000117592832924411
376,0.940448610225585,-0.000117571674987829
377,0.940331048471938,-0.00011755209535536
378,0.940213505508772,-0.000117534094027002
379,0.940095979757783,-0.000117517671002757
380,0.939978469640666,-0.000117502826282623
381,0.939860973579116,-0.000117489559866602
382,0.939743489994831,-0.000117477871754693
383,0.939626017309506,-0.000117467761946896
384,0.939508553944836,-0.000117459230443211
385,0.939391098322518,-0.000117452277243638
386,0.939273648864247,-0.000117446902348177
387,0.93915620399172,-0.000117443105756829
388,0.939038762126632,-0.000117440887469592
389,0.938921321690679,-0.000117440247486467
390,0.938803881105558,-0.000117441185807455
391,0.938686438792963,-0.000117443702432554
392,0.938568993174591,-0.000117447797361766
393,0.938451542672138,-0.00011745347059509
394,0.9383340857073,-0.000117460722132526
395,0.938216620701772,-0.000117469551974073
396,0.93809914607725,-0.000117479960119733
397,0.937981660255431,-0.000117491946569505
398,0.93786416165801,-0.000117505511323389
399,0.937746648706683,-0.000117520654381386
400,0.937629119823146,-0.000117537375743494
401,0.937511573429095,-0.000117555675409714
402,0.937394007946225,-0.000117575553380046
403,0.937276421796233,-0.000117597009654491
404,0.937158813400815,-0.000117620044233047
405,0.937041181181666,-0.000117644657115716
406,0.936923523560482,-0.000117670848302497
407,0.936805838958959,-0.000117698617793389
408,0.936688125798794,-0.000117727965588394
409,0.936570382501681,-0.000117758891687511
410,0.936452607489317,-0.00011779139609074
411,0.936334799183398,-0.000117825478798081
412,0.93621695600562,-0.000117861139809534
413,0.936099076377678,-0.0001178983791251
414,0.935981158721268,-0.000117937196744777
415,0.935863201458087,-0.000117977592668566
416,0.93574520300983,-0.000118019566896468
417,0.935627161798192,-0.000118063119428481
418,0.935509076244871,-0.000118108250264607
419,0.935390944771562,-0.000118154959404844
420,0.93527276579996,-0.000118203246849194
421,0.935154537751762,-0.000118253112597656
422,0.935036259048664,-0.00011830455665023
423,0.93491792811236,-0.000118357579006916
424,0.934799543364548,-0.000118412179667714
425,0.934681103226924,-0.000118468358632624
426,0.934562606121182,-0.000118526115901646
427,0.934444050469019,-0.00011858545147478
428,0.934325434692131,-0.000118646365352027
429,0.934206757212213,-0.000118708857533385
430,0.934088016450963,-0.000118772928018856
431,0.933969210830074,-0.000118838576808438
432,0.933850338771244,-0.000118905803902133
433,0.933731398696169,-0.00011897460929994
434,0.933612389026543,-0.000119044993001858
435,0.933493308184064,-0.000119116955007889
436,0.933374154590426,-0.000119190495318032
437,0.933254926667326,-0.000119265613932287
438,0.93313562283646,-0.000119342310850654
439,0.933016241519524,-0.000119420586073133
440,0.932896781138213,-0.000119500439599725
441,0.932777240114223,-0.000119581871430428
442,0.93265761686925,-0.000119664881565243
443,0.932537909824991,-0.000119749470004171
444,0.932418117403141,-0.00011983563674721
445,0.932298238025395,-0.000119923381794362
446,0.93217827011345,-0.000120012705145626
447,0.932058212089003,-0.000120103606801001
448,0.931938062373747,-0.000120196086760489
449,0.93181781938938,-0.000120290145024089
450,0.931697481557598,-0.000120385781591801
451,0.931577047300095,-0.000120482996463625
452,0.931456515038569,-0.000120581789639561
453,0.931335883194715,-0.00012068216111961
454,0.931215150190228,-0.00012078411090377
455,0.931094314446806,-0.000120887638992042
456,0.930973374386143,-0.000120992745384427
457,0.930852328429935,-0.000121099430080923
458,0.93073117499988,-0.000121207693081532
459,0.930609912517671,-0.000121317534386253
460,0.930488539405006,-0.000121428953995085
461,0.93036705408358,-0.00012154195190803
462,0.930245454975088,-0.000121656528125087
463,0.930123740501228,-0.000121772682646256
464,0.930001909083694,-0.000121890415471537
465,0.929879959144184,-0.00012200972660093
466,0.929757889104391,-0.000122130616034435
467,0.929635697386013,-0.000122253083772053
468,0.929513382410746,-0.000122377129813782
469,0.929390942600284,-0.000122502754159623
470,0.929268376376325,-0.000122629956809577
471,0.929145682160564,-0.000122758737763642
472,0.929022858374696,-0.00012288909702182
473,0.928899903440419,-0.00012302103458411
474,0.928776815779427,-0.000123154550450512
475,0.928653593813417,-0.000123289644621026
476,0.928530235964083,-0.000123426317095651
477,0.928406740653124,-0.00012356456787439
478,0.928283106302233,-0.00012370439695724
479,0.928159331333108,-0.000123845804344202
480,0.928035414167444,-0.000123988790035276
481,0.927911353226936,-0.000124133354030462
482,0.927787146933281,-0.000124279496329761
483,0.927662793708175,-0.000124427216933171
484,0.927538291973314,-0.000124576515840694
485,0.927413640150392,-0.000124727393052328
486,0.927288836661108,-0.000124879848568075
487,0.927163879927155,-0.000125033882387934
488,0.92703876837023,-0.000125189494511905
489,0.92691350041203,-0.000125346684939988
490,0.926788074474249,-0.000125505453672183
491,0.926662488978584,-0.00012566580070849
492,0.926536742346731,-0.000125827726048909
493,0.926410833000385,-0.00012599122969344
494,0.926284759361242,-0.000126156311642083
495,0.926158519850999,-0.000126322971894839
496,0.926032112891351,-0.000126491210451706
497,0.925905536903994,-0.000126661027312686
498,0.925778790310624,-0.000126832422477777
499,0.925651871532937,-0.000127005395946981
500,0.925524778992629,-0.000127179947720297
501,0.925397511111396,-0.000127356077797725
502,0.925270066310932,-0.000127533786179265
503,0.925142443012936,-0.000127713072864917
504,0.925014639639101,-0.000127893937854681
505,0.924886654611125,-0.000128076381148557
506,0.924758486350703,-0.000128260402746545
507,0.92463013327953,-0.000128446002648645
508,0.924501593819304,-0.000128633180854858
509,0.924372866391719,-0.000128821937365182
510,0.924243949418472,-0.000129012272179619
511,0.924114841321259,-0.000129204185298167
512,0.923985540521775,-0.000129397676720828
513,0.923856045441716,-0.000129592746447601
514,0.923726354502778,-0.000129789394478485
515,0.923596466126657,-0.000129987620813482
516,0.92346637873505,-0.000130187425452591
517,0.923336090749651,-0.000130388808395812
518,0.923205600592157,-0.000130591769643145
519,0.923074906684263,-0.000130796309194591
520,0.922944007447666,-0.000131002427050148
521,0.922812784428646,-0.000131484879207918
522,0.922681036330371,-0.000132010085696068
523,0.922548766720546,-0.000132527902308057
524,0.922415982989047,-0.000133038329043886
525,0.92228269252575,-0.000133541365903554
526,0.922148902720532,-0.000134037012887062
527,0.922014620963268,-0.00013452526999441
528,0.921879854643835,-0.000135006137225597
529,0.921744611152109,-0.000135479614580624
530,0.921608897877966,-0.00013594570205949
531,0.921472722211282,-0.000136404399662196
532,0.921336091541934,-0.000136855707388741
533,0.921199013259797,-0.000137299625239126
534,0.921061494754747,-0.000137736153213351
535,0.920923543416662,-0.000138165291311415
536,0.920785166635417,-0.000138587039533319
537,0.920646371800887,-0.000139001397879062
538,0.920507166302951,-0.000139408366348645
539,0.920367557531482,-0.000139807944942067
540,0.920227552876358,-0.000140200133659329
541,0.920087159727456,-0.000140584932500431
542,0.91994638547465,-0.000140962341465372
543,0.919805237507817,-0.000141332360554153
544,0.919663723216833,-0.000141694989766773
545,0.919521849991575,-0.000142050229103233
546,0.919379625221919,-0.000142398078563533
547,0.91923705629774,-0.000142738538147672
548,0.919094150608916,-0.00014307160785565
549,0.918950915545321,-0.000143397287687469
550,0.918807358496833,-0.000143715577643126
551,0.918663486853327,-0.000144026477722624
552,0.91851930800468,-0.000144329987925961
553,0.918374829340767,-0.000144626108253137
554,0.918230058251466,-0.000144914838704153
555,0.918085002126651,-0.000145196179279009
556,0.9179396683562,-0.000145470129977705
557,0.917794064329988,-0.000145736690800239
558,0.917648197437891,-0.000145995861746614
559,0.917502075069786,-0.000146247642816828
560,0.917355704615549,-0.000146492034010881
561,0.917209093465057,-0.000146729035328775
562,0.917062249008184,-0.000146958646770507
563,0.916915178634808,-0.00014718086833608
564,0.916767889734804,-0.000147395700025492
565,0.916620389698049,-0.000147603141838743
566,0.916472685914418,-0.000147803193775834
567,0.916324785773789,-0.000147995855836765
568,0.916176696666037,-0.000148181128021535
569,0.916028425981038,-0.000148359010330145
570,0.915879981108669,-0.000148529502762594
571,0.915731369438805,-0.000148692605318883
572,0.915582598361323,-0.000148848317999012
573,0.915433675266099,-0.00014899664080298
574,0.915284607543009,-0.000149137573730788
575,0.915135402581929,-0.000149271116782435
576,0.914986067772736,-0.000149397269957922
577,0.914836610505306,-0.000149516033257248
578,0.914687038169514,-0.000149627406680414
579,0.914537358155237,-0.00014973139022742
580,0.914387577852351,-0.000149827983898265
581,0.914237704650732,-0.00014991718769295
582,0.914087745940257,-0.000149999001611474
583,0.913937709110802,-0.000150073425653838
584,0.913787601552242,-0.000150140459820041
585,0.913637430654454,-0.000150200104110085
586,0.913487203807314,-0.000150252358523967
587,0.913336928400698,-0.000150297223061689
588,0.913186611824482,-0.000150334697723251
589,0.913036261468543,-0.000150364782508653
590,0.912885884722757,-0.000150387477417894
591,0.912735488976999,-0.000150402782450974
592,0.912585081621147,-0.000150410697607894
593,0.912434670045076,-0.000150411222888654
594,0.912284261638662,-0.000150404358293253
595,0.912133863791781,-0.000150390103821692
596,0.91198348389431,-0.00015036845947397
597,0.911833129336125,-0.000150339425250088
598,0.911682807507102,-0.000150303001150046
599,0.911532525797117,-0.000150259187173843
600,0.911382291596047,-0.00015020798332148
601,0.911232112293766,-0.000150149389592956
602,0.911081995280153,-0.000150083405988272
603,0.910931947945082,-0.000150010032507428
604,0.91078197767843,-0.000149929269150423
605,0.910632091870073,-0.000149841115917257
606,0.910482297909888,-0.000149745572807931
607,0.910332603187749,-0.000149642639822445
608,0.910183015093535,-0.000149532316960799
609,0.91003354101712,-0.000149414604222991
610,0.909884188348381,-0.000149289501609024
611,0.909734964477194,-0.000149157009118896
612,0.909585876793435,-0.000149017126752608
613,0.909436932686981,-0.000148869854510159
614,0.909288139547707,-0.00014871519239155
615,0.90913950476549,-0.00014855314039678
616,0.908991035730205,-0.00014838369852585
617,0.90884273983173,-0.00014820686677876
618,0.90869462445994,-0.000148022645155509
619,0.908546697004711,-0.000147831033656098
620,0.90839896485592,-0.000147632032280526
621,0.908251435403442,-0.000147425641028794
622,0.908104116037154,-0.000147211859900901
623,0.907957014146932,-0.000146990688896848
624,0.907810137122652,-0.000146762128016635
625,0.907663492354191,-0.000146526177260261
626,0.907517087231424,-0.000146282836627727
627,0.907370929144228,-0.000146032106119032
628,0.907225025482478,-0.000145773985734177
629,0.907079383636051,-0.000145508475473162
630,0.906934010994824,-0.000145235575335986
631,0.906788914948671,-0.000144955285322649
632,0.906644102887471,-0.000144667605433153
633,0.906499582201097,-0.000144372535667496
634,0.906355360279428,-0.000144070076025678
635,0.906211444512338,-0.0001437602265077
636,0.906067842289704,-0.000143442987113561
637,0.905924561001403,-0.000143118357843263
638,0.90578160803731,-0.000142786338696803
639,0.905638990787301,-0.000142446929674184
640,0.905496716641253,-0.000142100130775403
641,0.905354792989042,-0.000141745942000463
642,0.905213227220545,-0.000141384363349362
643,0.905072026725636,-0.0001410153948221
644,0.904931198894192,-0.000140639036418679
645,0.904790751116091,-0.000140255288139096
646,0.904650690781206,-0.000139864149983354
647,0.904511025279416,-0.000139465621951451
648,0.904371762000595,-0.000139059704043387
649,0.904232908334621,-0.000138646396259163
650,0.904094471671369,-0.000138225698598779
651,0.903956459400716,-0.000137797611062234
652,0.903818878912537,-0.000137362133649529
653,0.903681737596709,-0.000136919266360663
654,0.903545042843107,-0.000136469009195637
655,0.903408802041609,-0.000136011362154451
656,0.903273022582091,-0.000135546325237104
657,0.903137711854427,-0.000135073898443597
658,0.903002877248495,-0.000134594081773929
659,0.902868526154171,-0.000134106875228101
660,0.902734665961331,-0.000133612278806112
661,0.902601304059851,-0.000133110292507963
662,0.902468447839607,-0.000132600916333654
663,0.902336104690476,-0.000132084150283184
664,0.902204282002333,-0.000131559994356554
665,0.902072987165055,-0.000131028448553763
666,0.901942227568518,-0.000130489512874812
667,0.901812010602597,-0.0001299431873197
668,0.90168234365717,-0.000129389471888428
669,0.901553234122113,-0.000128828366580996
670,0.9014246893873,-0.000128259871397403
671,0.90129671684261,-0.00012768398633765
672,0.901169323877917,-0.000127100711401736
673,0.901042517883098,-0.000126510046589662
674,0.90091630624803,-0.000125911991901428
675,0.900790696362588,-0.000125306547337033
676,0.900665695616648,-0.000124693712896478
677,0.900541311400087,-0.000124073488579762
678,0.90041755110278,-0.000123445874386886
679,0.900294404217048,-0.000122857478836482
680,0.900171832513721,-0.000122287201114963
681,0.900049827268225,-0.000121724563173734
682,0.89992838084078,-0.000121169565012794
683,0.899807485591606,-0.000120622206632144
684,0.899687133880922,-0.000120082488031783
685,0.899567318068949,-0.000119550409211711
686,0.899448030515905,-0.000119025970171928
687,0.899329263582011,-0.000118509170912435
688,0.899211009627487,-0.000118000011433231
689,0.899093261012551,-0.000117498491734316
690,0.898976010097425,-0.00011700461181569
691,0.898859249242327,-0.000116518371677354
692,0.898742970807477,-0.000116039771319307
693,0.898627167153095,-0.00011556881074155
694,0.8985118306394,-0.000115105489944082
695,0.898396953626613,-0.000114649808926903
696,0.898282528474953,-0.000114201767690013
697,0.898168547544639,-0.000113761366233413
698,0.898055003195893,-0.000113328604557102
699,0.897941887788932,-0.00011290348266108
700,0.897829193683977,-0.000112486000545347
701,0.897716913241248,-0.000112076158209904
702,0.897605038820964,-0.00011167395565475
703,0.897493562783345,-0.000111279392879885
704,0.897382477488611,-0.00011089246988531
705,0.897271775296981,-0.000110513186671024
706,0.897161448568675,-0.000110141543237027
707,0.897051489663913,-0.00010977753958332
708,0.896941890942915,-0.000109421175709902
709,0.8968326447659,-0.000109072451616773
710,0.896723743493088,-0.000108731367303933
711,0.896615179484699,-0.000108397922771383
712,0.896506945100952,-0.000108072118019122
713,0.896399032702067,-0.00010775395304715
714,0.896291434648264,-0.000107443427855468
715,0.896184143299763,-0.000107140542444075
716,0.896077151016783,-0.000106845296812971
717,0.895970450159543,-0.000106557690962157
718,0.895864033088265,-0.000106277724891631
719,0.895757892163167,-0.000106005398601395
720,0.895652019744469,-0.000105740712091449
721,0.89554640819239,-0.000105483665361791
722,0.895441049867152,-0.000105234258412423
723,0.895335937128972,-0.000104992491243345
724,0.895231062338071,-0.000104758363854555
725,0.89512641785467,-0.000104531876246055
726,0.895021996038986,-0.000104313028417844
727,0.89491778925124,-0.000104101820369923
728,0.894813789851653,-0.00010389825210229
729,0.894709990200442,-0.000103702323614947
730,0.894606382657829,-0.000103514034907894
731,0.894502959584033,-0.000103333385981129
732,0.894399713339274,-0.000103160376834654
733,0.89429663628377,-0.000102995007468468
734,0.894193720777743,-0.000102837277882572
735,0.894090959181412,-0.000102687188076965
736,0.893988343854996,-0.000102544738051647
737,0.893885867158715,-0.000102409927806618
738,0.893783521452789,-0.000102282757341879
739,0.893681299097438,-0.000102163226657429
740,0.893579192452881,-0.000102051335753268
741,0.893477193879338,-0.000101947084629396
742,0.893375295737029,-0.000101850473285814
743,0.893273490386173,-0.000101761501722521
744,0.89317177018699,-0.000101680169939518
745,0.8930701274997,-0.000101606477936803
746,0.892968554684523,-0.000101540425714378
747,0.892867044101678,-0.000101482013272243
748,0.892765588111385,-0.000101431240610396
749,0.892664179073864,-0.000101388107728839
750,0.892562809349334,-0.000101352614627571
751,0.892461471298015,-0.000101324761306593
752,0.892360157280128,-0.000101304547765904
753,0.89225885965589,-0.000101291974005504
754,0.892157570785523,-0.000101287040025393
755,0.892056283029246,-0.000101289745825572
756,0.891954988747279,-0.00010130009140604
757,0.89185368029984,-0.000101318076766797
758,0.891752350047152,-0.000101343701907843
759,0.891650990349431,-0.000101376966829179
760,0.8915495935669,-0.000101417871530804
761,0.891448152059776,-0.000101466416012719
762,0.891346658188281,-0.000101522600274922
763,0.891245104312633,-0.000101586424317415
764,0.891143482793053,-0.000101657888140198
765,0.891041785989759,-0.000101736991743269
766,0.890940006262973,-0.00010182373512663
767,0.890838135972913,-0.00010191811829028
768,0.890736167479799,-0.00010202014123422
769,0.890634093143851,-0.000102129803958449
770,0.890531905325288,-0.000102247106462967
771,0.890429596384331,-0.000102372048747774
772,0.890327158681199,-0.000102504630812871
773,0.890224584576112,-0.000102644852658257
774,0.890121866429289,-0.000102792714283932
775,0.890018996600951,-0.000102948215689896
776,0.889915967451316,-0.00010311135687615
777,0.889812771340605,-0.000103282137842693
778,0.889709400629037,-0.000103460558589526
779,0.889605847676833,-0.000103646619116647
780,0.889502104844211,-0.000103840319424058
781,0.889398164491391,-0.000104041659511759
782,0.889294018978594,-0.000104250639379748
783,0.889189660666038,-0.000104467259028027
784,0.889085081913944,-0.000104691518456595
785,0.888980275082532,-0.000104923417665453
786,0.88887523253202,-0.000105162956654599
787,0.888769946622629,-0.000105410135424036
788,0.888664409714578,-0.000105664953973761
789,0.888558614168088,-0.000105927412303776
790,0.888452552343377,-0.000106197510414079
791,0.888346216600666,-0.000106475248304673
792,0.888239599300175,-0.000106760625975555
793,0.888132692802122,-0.000107053643426727
794,0.888025489466728,-0.000107354300658188
795,0.887917981654212,-0.000107662597669938
796,0.887810161724794,-0.000107978534461978
797,0.887702022038695,-0.000108302111034307
798,0.887593554956132,-0.000108633327386925
799,0.887484752837327,-0.000108972183519833
800,0.887375608042499,-0.00010931867943303
801,0.887266112931868,-0.000109672815126516
802,0.887156259865653,-0.000110034590600291
803,0.887046041204074,-0.000110404005854356
804,0.886935449307351,-0.00011078106088871
805,0.886824476535703,-0.000111165755703354
806,0.886713115249351,-0.000111558090298286
807,0.886601357808513,-0.000111958064673508
808,0.88648919657341,-0.000112365678829019
809,0.886376623904262,-0.00011278093276482
810,0.886263632161287,-0.00011320382648091
811,0.886150213704706,-0.000113634359977289
812,0.886036360894739,-0.000114072533253957
813,0.885922066091605,-0.000114518346310915
814,0.885807321655524,-0.000114971799148162
815,0.885692119946715,-0.000115432891765698
816,0.885576453325399,-0.000115901624163524
817,0.885460314151795,-0.000116377996341639
818,0.885343694786122,-0.000116862008300043
819,0.885226587588601,-0.000117353660038736
820,0.885108984919451,-0.000117852951557719
821,0.884990879138892,-0.000118359882856991
822,0.884872262607144,-0.000118874453936552
823,0.884753127684426,-0.000119396664796403
824,0.884633466730958,-0.000119926515436543
825,0.884513272106959,-0.000120464005856972
826,0.88439253617265,-0.00012100913605769
827,0.88427125128825,-0.000121561906038698
828,0.884149409813979,-0.000122122315799995
829,0.884027004110057,-0.000122690365341582
830,0.883904026536703,-0.000123266054663457
831,0.883780469454137,-0.000123849383765622
832,0.883656367559759,-0.00012422970033162
833,0.883532102051329,-0.000124301997931969
834,0.883407762201087,-0.000124378383956552
835,0.883283343920608,-0.000124458858405371
836,0.883158843121468,-0.000124543421278424
837,0.883034255715243,-0.000124632072575712
838,0.882909577613509,-0.000124724812297234
839,0.882784804727841,-0.000124821640442992
840,0.882659932969815,-0.000124922557012984
841,0.882534958251007,-0.00012502756200721
842,0.882409876482992,-0.000125136655425672
843,0.882284683577347,-0.000125249837268368
844,0.882159375445647,-0.000125367107535299
845,0.882033947999468,-0.000125488466226465
846,0.881908397150386,-0.000125613913341866
847,0.881782718809977,-0.000125743448881501
848,0.881656908889815,-0.000125877072845371
849,0.881530963301478,-0.000126014785233476
850,0.88140487795654,-0.000126156586045815
851,0.881278648766578,-0.000126302475282389
852,0.881152271643167,-0.000126452452943198
853,0.881025742497884,-0.000126606519028242
854,0.880899057242303,-0.00012676467353752
855,0.880772211788001,-0.000126926916471034
856,0.880645202046553,-0.000127093247828782
857,0.880518023929535,-0.000127263667610764
858,0.880390673348523,-0.000127438175816982
859,0.880263146215093,-0.000127616772447434
860,0.88013543844082,-0.000127799457502121
861,0.88000754593728,-0.000127986230981043
862,0.87987946461605,-0.000128177092884199
863,0.879751190388704,-0.00012837204321159
864,0.879622719166819,-0.000128571081963216
865,0.87949404686197,-0.000128774209139077
866,0.879365169385732,-0.000128981424739172
867,0.879236082649683,-0.000129192728763502
868,0.879106782565397,-0.000129408121212067
869,0.878977265044451,-0.000129627602084867
870,0.87884752599842,-0.000129851171381901
871,0.878717561338879,-0.00013007882910317
872,0.878587366977405,-0.000130310575248674
873,0.878456938825574,-0.000130546409818413
874,0.87832627279496,-0.000130786332812386
875,0.878195364797141,-0.000131030344230594
876,0.878064210743691,-0.000131278444073037
877,0.877932806546187,-0.000131530632339715
878,0.877801148116203,-0.000131786909030627
879,0.877669231365317,-0.000132047274145774
880,0.877537052205104,-0.000132311727685156
881,0.877404606547139,-0.000132580269648772
882,0.877271890302998,-0.000132852900036624
883,0.877138899384258,-0.00013312961884871
884,0.877005629702493,-0.00013341042608503
885,0.876872077169279,-0.000133695321745586
886,0.876738237696193,-0.000133984305830376
887,0.876604107194811,-0.000134277378339401
888,0.876469681576707,-0.000134574539272661
889,0.876334956753457,-0.000134875788630156
890,0.876199928636638,-0.000135181126411885
891,0.876064593137825,-0.000135490552617849
892,0.875928946168594,-0.000135804067248048
893,0.875792983640521,-0.000136121670302481
894,0.875656701465181,-0.000136443361781149
895,0.875520095554151,-0.000136769141684052
896,0.875383161819005,-0.00013709901001119
897,0.87524589617132,-0.000137432966762562
898,0.875108294522672,-0.00013777101193817
899,0.874970352784636,-0.000138113145538012
900,0.874832066868788,-0.000138459367562088
901,0.874693432686704,-0.0001388096780104
902,0.874554446149959,-0.000139164076882946
903,0.87441510317013,-0.000139522564179727
904,0.874275399658791,-0.000139885139900742
905,0.87413533152752,-0.000140251804045993
906,0.873994894687891,-0.000140622556615478
907,0.873854085051481,-0.000140997397609198
908,0.873712898529865,-0.000141376327027153
909,0.873571331034619,-0.000141759344869342
910,0.873429378477318,-0.000142146451135766
911,0.873287036769539,-0.000142537645826425
912,0.873144301822857,-0.000142932928941319
913,0.873001169548848,-0.000143332300480447
914,0.872857635859088,-0.00014373576044381
915,0.872713696665153,-0.000144143308831408
916,0.872569347878617,-0.000144554945643241
917,0.872424585411058,-0.000144970670879308
918,0.872279405174051,-0.00014539048453961
919,0.872133803079171,-0.000145814386624147
920,0.871987775037994,-0.000146242377132918
921,0.871841316962097,-0.000146674456065925
922,0.871694424763054,-0.000147110623423166
923,0.871547094352442,-0.000147550879204642
924,0.871399321641837,-0.000147995223410352
925,0.871251102542814,-0.000148443656040297
926,0.871102432966948,-0.000148896177094477
927,0.870953308825817,-0.000149352786572892
928,0.870803726030994,-0.000149813484475542
929,0.870653680494058,-0.000150278270802426
930,0.870503168126582,-0.000150747145553545
931,0.870352184840142,-0.000151220108728899
932,0.870200726546316,-0.000151697160328487
933,0.870048789156677,-0.000152178300352311
934,0.869896368582803,-0.000152663528800369
935,0.869743460736269,-0.000153152845672661
936,0.86959006152865,-0.000153646250969189
937,0.869436166871522,-0.000154143744689951
938,0.869281772676462,-0.000154645326834948
939,0.869126874855044,-0.00015515099740418
940,0.868971469318845,-0.000155660756397646
941,0.868815551979441,-0.000156174603815347
942,0.868659118748406,-0.000156692539657283
943,0.868502165537318,-0.000157214563923454
944,0.868344688257751,-0.000157740676613859
945,0.868186682821282,-0.0001582708777285
946,0.868028145139486,-0.000158805167267375
947,0.867869071123939,-0.000159343545230484
948,0.867709456686217,-0.000159886011617829
949,0.867549297737896,-0.000160432566429408
950,0.86738859019055,-0.000160983209665222
951,0.867227329955757,-0.00016153794132527
952,0.867065512945092,-0.000162096761409554
953,0.86690313507013,-0.000162659669918072
954,0.866740192242448,-0.000163226666850825
955,0.86657668037362,-0.000163797752207812
956,0.866412595375224,-0.000164372925989035
957,0.866247933158834,-0.000164952188194492
958,0.866082689636027,-0.000165535538824184
959,0.865916860718378,-0.00016612297787811
960,0.865750442317462,-0.000166714505356272
961,0.865583430344857,-0.000167310121258668
962,0.865415820712137,-0.000167909825585298
963,0.865247609330878,-0.000168513618336164
964,0.865078792112657,-0.000169121499511264
965,0.864909364969048,-0.000169733469110599
966,0.864739323811627,-0.000170349527134169
967,0.864568664551971,-0.000170969673581974
968,0.864397383101655,-0.000171593908454013
969,0.864225475372255,-0.000172222231750287
970,0.864052937275347,-0.000172854643470796
971,0.863879764722506,-0.000173491143615539
972,0.863705953625308,-0.000174131732184518
973,0.863531499895328,-0.000174776409177731
974,0.863356399444144,-0.000175425174595178
975,0.86318064818333,-0.000176078028436861
976,0.863004242024462,-0.000176734970702778
977,0.862827176879116,-0.00017739600139293
978,0.862649448658868,-0.000178061120507317
979,0.862471053275294,-0.000178730328045938
980,0.862291986639968,-0.000179403624008795
981,0.862112242456544,-0.000180113340868251
982,0.861931671583671,-0.000181028002692997
983,0.861750187255527,-0.000181940251411243
984,0.861567791885217,-0.00018285008702299
985,0.86138448788585,-0.000183757509528236
986,0.86120027767053,-0.000184662518926982
987,0.861015163652365,-0.000185565115219229
988,0.86082914824446,-0.000186465298404976
989,0.860642233859923,-0.000187363068484222
990,0.860454422911861,-0.000188258425456969
991,0.860265717813378,-0.000189151369323216
992,0.860076120977583,-0.000190041900082963
993,0.859885634817581,-0.00019093001773621
994,0.859694261746479,-0.000191815722282958
995,0.859502004177384,-0.000192699013723205
996,0.859308864523402,-0.000193579892056952
997,0.859114845197639,-0.0001944583572842
998,0.858919948613202,-0.000195334409404948
999,0.858724177183198,-0.000196208048419195
1000,0.858527533320733,-0.000197079274326943
1001,0.858330019438913,-0.000197948087128191
1002,0.858131637950845,-0.000198814486822939
1003,0.857932391269636,-0.000199678473411187
1004,0.857732281808392,-0.000200540046892935
1005,0.857531311980219,-0.000201399207268184
1006,0.857329484198224,-0.000202255954536932
1007,0.857126800875514,-0.000203110288699181
1008,0.856923264425195,-0.000203962209754929
1009,0.856718877260373,-0.000204811717704178
1010,0.856513641794155,-0.000205658812546927
1011,0.856307560439648,-0.000206503494283175
1012,0.856100635609958,-0.000207345762912924
1013,0.855892869718191,-0.000208185618436174
1014,0.855684265177454,-0.000209023060852923
1015,0.855474824400854,-0.000209858090163172
1016,0.855264549801496,-0.000210690706366921
1017,0.855053443792489,-0.000211520909464171
1018,0.854841508786937,-0.00021234869945492
1019,0.854628747197948,-0.00021317407633917
1020,0.854415161438628,-0.00021399704011692
1021,0.854200753922083,-0.00021481759078817
1022,0.85398552706142,-0.000215635728352919
1023,0.853769483269746,-0.00021645145281117
1024,0.853552624960166,-0.00021726476416292
1025,0.853334954545789,-0.00021807566240817
1026,0.853116474439719,-0.00021888414754692
1027,0.852897187055064,-0.000219690219579171
1028,0.852677094804929,-0.000220493878504921
1029,0.852456200102423,-0.000221295124324172
1030,0.85223450536065,-0.000222093957036923
1031,0.852012012992718,-0.000222890376643173
1032,0.851788725411732,-0.000223684383142924
1033,0.851564645030801,-0.000224475976536175
1034,0.851339774263029,-0.000225265156822926
1035,0.851114115521524,-0.000226051924003178
1036,0.850887671219391,-0.000226836278076929
1037,0.850660443769739,-0.00022761821904418
1038,0.850432435585672,-0.000228397746904932
1039,0.850203649080298,-0.000229174861659183
1040,0.849974086666722,-0.000229949563306935
1041,0.849743750758053,-0.000230721851848187
1042,0.849512643767395,-0.000231491727282939
1043,0.849280768107855,-0.000232259189611191
1044,0.849048126192541,-0.000233024238832943
1045,0.848814720434558,-0.000233786874948195
1046,0.848580553247014,-0.000234547097956947
1047,0.848345627043013,-0.000235304907859199
1048,0.848109944235664,-0.000236060304654952
1049,0.847873507238072,-0.000236813288344204
1050,0.847636318463345,-0.000237563858926957
1051,0.847398380324587,-0.00023831201640321
1052,0.847159695234907,-0.000239057760772963
1053,0.84692026560741,-0.000239801092036216
1054,0.846680093855203,-0.000240542010192969
1055,0.846439182391393,-0.000241280515243222
1056,0.846197533629086,-0.000242016607186975
1057,0.845955149981388,-0.000242750286024228
1058,0.845712033861406,-0.000243481551754982
1059,0.845468187682247,-0.000244210404379235
1060,0.845223613857016,-0.000244936843896989
1061,0.844978314798822,-0.000245660870308242
1062,0.844732292920769,-0.000246382483612996
1063,0.844485550635965,-0.00024710168381125
1064,0.844238090357515,-0.000247818470903004
1065,0.843989914498527,-0.000248532844888258
1066,0.843741025472107,-0.000249244805767012
1067,0.843491425691362,-0.000249954353539267
1068,0.843241117569398,-0.000250661488205021
1069,0.842990103519321,-0.000251366209764276
1070,0.842738385954238,-0.00025206851821703
1071,0.842485967287256,-0.000252768413563285
1072,0.84223284993148,-0.00025346589580304
1073,0.841979036300018,-0.000254160964936294
1074,0.841724528805977,-0.000254853620963049
1075,0.841469329862461,-0.000255543863883304
1076,0.841213441882579,-0.00025623169369706
1077,0.840956867279436,-0.000256917110404315
1078,0.840699608466139,-0.00025760011400507
1079,0.840441667855795,-0.000258280704499326
1080,0.840183047861509,-0.000258958881887081
1081,0.839923750896389,-0.000259634646168337
1082,0.839663779373541,-0.000260307997343093
1083,0.839403135706072,-0.000260978935411348
1084,0.839141822307087,-0.000261647460373104
1085,0.838879841589695,-0.00026231357222836
1086,0.838617195967,-0.000262977270977116
1087,0.838353887852109,-0.000263638556619373
1088,0.83808991965813,-0.000264297429155129
1089,0.837825293798168,-0.000264953888584385
1090,0.83756001268533,-0.000265607934907142
1091,0.837294078732722,-0.000266259568123399
1092,0.837027494353452,-0.000266908788233155
1093,0.836760261960625,-0.000267555595236412
1094,0.836492383967348,-0.000268199989133169
1095,0.836223862786727,-0.000268841969923426
1096,0.83595470083187,-0.000269481537607183
1097,0.835684900515882,-0.00027011869218444
1098,0.83541446425187,-0.000270753433655197
1099,0.83514339445294,-0.000271385762019455
1100,0.8348716935322,-0.000272015677277212
1101,0.834599363902755,-0.00027264317942847
1102,0.834326407977712,-0.000273268268473227
1103,0.834052828170177,-0.000273890944411485
1104,0.833778626893257,-0.000274511207243243
1105,0.833503806560059,-0.000275129056968501
1106,0.833228369583689,-0.000275744493587259
1107,0.832952318377254,-0.000276357517099517
1108,0.832675655353859,-0.000276968127505275
1109,0.832398382926612,-0.000277576324804534
1110,0.832120503508619,-0.000278182108997292
1111,0.831842019512986,-0.000278785480083551
1112,0.83156293335282,-0.000279386438063309
1113,0.831283247441228,-0.000279984982936568
1114,0.831002964191316,-0.000280581114703327
1115,0.830722086016191,-0.000281174833363586
1116,0.830440615328958,-0.000281766138917345
1117,0.830158554542725,-0.000282355031364604
1118,0.829875906070597,-0.000282941510705363
1119,0.829592672325683,-0.000283525576939622
1120,0.829308855721087,-0.000284107230067382
1121,0.829024458669917,-0.000284686470088641
1122,0.828739483585279,-0.000285263297003401
1123,0.828453932880279,-0.000285837710811661
1124,0.828167808968024,-0.00028640971151342
1125,0.827881114261621,-0.00028697929910868
1126,0.827594130551637,-0.000286941864846951
1127,0.827307224000876,-0.00028687563228717
1128,0.827020370495839,-0.000286835773400423
1129,0.826733543662851,-0.000286822288186711
1130,0.826446717128241,-0.000286835176646033
1131,0.826159864518335,-0.000286874438778389
1132,0.82587295945946,-0.00028694007458378
1133,0.825585975577943,-0.000287032084062205
1134,0.825298886500111,-0.000287150467213664
1135,0.825011665852291,-0.000287295224038157
1136,0.82472428726081,-0.000287466354535684
1137,0.824436724351996,-0.000287663858706246
1138,0.824148950752174,-0.000287887736549842
1139,0.823860940087672,-0.000288137988066472
1140,0.823572665984816,-0.000288414613256136
1141,0.823284102069935,-0.000288717612118835
1142,0.822995221969354,-0.000289046984654567
1143,0.822705999309401,-0.000289402730863334
1144,0.822416407716403,-0.000289784850745136
1145,0.822126420816687,-0.000290193344299971
1146,0.821836012236579,-0.000290628211527841
1147,0.821545155602407,-0.000291089452428745
1148,0.821253824540497,-0.000291577067002683
1149,0.820961992677177,-0.000292091055249655
1150,0.820669633638773,-0.000292631417169662
1151,0.820376721051613,-0.000293198152762703
1152,0.820083228542024,-0.000293791262028778
1153,0.819789129736331,-0.000294410744967887
1154,0.819494398260864,-0.000295056601580031
1155,0.819199007741947,-0.000295728831865208
1156,0.818902931805909,-0.00029642743582342
1157,0.818606144079076,-0.000297152413454666
1158,0.818308618187775,-0.000297903764758947
1159,0.818010327758334,-0.000298681489736262
1160,0.817711246417078,-0.00029948558838661
1161,0.817411347790336,-0.000300316060709994
1162,0.817110605504434,-0.000301172906706411
1163,0.816808993185699,-0.000302056126375863
1164,0.816506484460458,-0.000302965719718348
1165,0.816203052955038,-0.000303901686733868
1166,0.815898672295766,-0.000304864027422423
1167,0.815593316108969,-0.000305852741784011
1168,0.815286958020973,-0.000306867829818634
1169,0.814979571658107,-0.000307909291526291
1170,0.814671130646696,-0.000308977126906982
1171,0.814361608613069,-0.000310071335960707
1172,0.814050979183551,-0.000311191918687467
1173,0.813739215984469,-0.000312338875087261
1174,0.813426292642152,-0.000313512205160089
1175,0.813112182782925,-0.000314711908905951
1176,0.812796860033116,-0.000315937986324848
1177,0.812480298019051,-0.000317190437416779
1178,0.812162470367058,-0.000318469262181744
1179,0.811843350703463,-0.000319774460619743
1180,0.811522912654594,-0.000321106032730777
1181,0.811201129846777,-0.000322463978514844
1182,0.81087797590634,-0.000323848297971946
1183,0.810553424459609,-0.000325258991102082
1184,0.810227449132911,-0.000326696057905253
1185,0.809900023552574,-0.000328159498381457
1186,0.809571121344924,-0.000329649312530696
1187,0.809240716136288,-0.000331165500352969
1188,0.808908781552994,-0.000332708061848277
1189,0.808575291221367,-0.000334276997016618
1190,0.808240218767736,-0.000335872305857994
1191,0.807903537818427,-0.000337493988372404
1192,0.807565221999767,-0.000339142044559848
1193,0.807225244938083,-0.000340816474420327
1194,0.806883580259702,-0.000342517277953839
1195,0.806540201590951,-0.000344244455160386
1196,0.806195082558157,-0.000345998006039967
1197,0.805848196787647,-0.000347777930592583
1198,0.805499517905747,-0.000349584228818232
1199,0.805149019538786,-0.000351416900716916
1200,0.804796675313089,-0.000353275946288634
1201,0.804442458854984,-0.000355161365533387
1202,0.804086343790798,-0.000357073158451173
1203,0.803728303746858,-0.000359011325041994
1204,0.80336831234949,-0.000360975865305849
1205,0.803006343225022,-0.000362966779242738
1206,0.80264236999978,-0.000364984066852661
1207,0.802276366300092,-0.000367027728135619
1208,0.801908305752284,-0.000369097763091611
1209,0.801538161982684,-0.000371194171720637
1210,0.801165908617619,-0.000373316954022698
1211,0.800791519283415,-0.000375466109997792
1212,0.800414967606399,-0.000377641639645921
1213,0.800036227212898,-0.000379843542967084
1214,0.79965527172924,-0.000382071819961281
1215,0.799272074781752,-0.000384326470628513
1216,0.798886609996759,-0.000386607494968778
1217,0.79849885100059,-0.000388914892982078
1218,0.79810877141957,-0.000391248664668413
1219,0.797716344880029,-0.000393608810027781
1220,0.797321545008291,-0.000395995329060184
1221,0.796924345430684,-0.000398408221765621
1222,0.796524719773535,-0.000400847488144092
1223,0.796122641663171,-0.000403313128195597
1224,0.795718084725919,-0.000405805141920137
1225,0.795311022588107,-0.00040832352931771
1226,0.79490142887606,-0.000410868290388318
1227,0.794489277216106,-0.000413439425131961
1228,0.794074541234571,-0.000416036933548637
1229,0.793657194557784,-0.000418660815638348
1230,0.79323721081207,-0.000421311071401093
1231,0.792814563623757,-0.000423987700836872
1232,0.792389226619172,-0.000426690703945685
1233,0.791961173424642,-0.000429420080727533
1234,0.791530377666493,-0.000432175831182415
1235,0.791096812971053,-0.000434957955310331
1236,0.790660452964648,-0.000437766453111281
1237,0.790221271273606,-0.000440601324585266
1238,0.789779241524253,-0.000443462569732285
1239,0.789334337342917,-0.000446350188552338
1240,0.788886532355924,-0.000449264181045425
1241,0.788435800189602,-0.000452204547211546
1242,0.787982114470277,-0.000455171287050702
1243,0.787525448824276,-0.000458164400562892
1244,0.787065776877926,-0.000461183887748116
1245,0.786603072257555,-0.000464229748606375
1246,0.786137308589489,-0.000467301983137667
1247,0.785668459500056,-0.000470400591341994
1248,0.785196498615581,-0.000473525573219355
1249,0.784721399562393,-0.00047667692876975
1250,0.784243135966817,-0.00047985465799318
1251,0.783761681455182,-0.000483058760889644
1252,0.783277009653814,-0.000486289237459142
1253,0.782789094189039,-0.000489546087701674
1254,0.782297908687186,-0.00049282931161724
1255,0.78180342677458,-0.000496138909205841
1256,0.78130562207755,-0.000499474880467476
1257,0.780804468222421,-0.000502837225402145
1258,0.780299938835521,-0.000506225944009848
1259,0.779792007543177,-0.000509641036290586
1260,0.779280647971716,-0.000513082502244358
1261,0.778763088038384,-0.000522611239207288
1262,0.778235429375995,-0.000532688324070909
1263,0.777697746913239,-0.000542658839944291
1264,0.777150147219104,-0.000552522786827432
1265,0.77659273686258,-0.000562280164720334
1266,0.77602562241266,-0.000571930973622995
1267,0.775448910438331,-0.000581475213535415
1268,0.774862707508586,-0.000590912884457596
1269,0.774267120192413,-0.000600243986389536
1270,0.773662255058803,-0.000609468519331236
1271,0.773048218676747,-0.000618586483282696
1272,0.772425117615235,-0.000627597878243916
1273,0.771793058443256,-0.000636502704214895
1274,0.771152147729802,-0.000645300961195635
1275,0.770502492043861,-0.000653992649186134
1276,0.769844197954426,-0.000662577768186392
1277,0.769177372030485,-0.000671056318196411
1278,0.76850212084103,-0.000679428299216189
1279,0.76781855095505,-0.000687693711245728
1280,0.767126768941535,-0.000695852554285025
1281,0.766426881369476,-0.000703904828334083
1282,0.765718994807864,-0.000711850533392901
1283,0.765003215825687,-0.000719689669461478
1284,0.764279650991938,-0.000727422236539815
1285,0.763548406875605,-0.000735048234627912
1286,0.762809590045678,-0.000742567663725769
1287,0.76206330707115,-0.000749980523833385
1288,0.761309664521008,-0.000757286814950761
1289,0.760548768964245,-0.000764486537077897
1290,0.759780726969849,-0.000771579690214793
1291,0.759005645106812,-0.000778566274361448
1292,0.758223629944123,-0.000785446289517864
1293,0.757434788050773,-0.000792219735684039
1294,0.756639225995752,-0.000798886612859974
1295,0.75583705034805,-0.000805446921045668
1296,0.755028367676657,-0.000811900660241123
1297,0.754213284550564,-0.000818247830446337
1298,0.753391907538761,-0.000824488431661311
1299,0.752564343210239,-0.000830622463886045
1300,0.751730698133986,-0.000836649927120539
1301,0.750891078878994,-0.000842570821364792
1302,0.750045592014253,-0.000848385146618805
1303,0.749194344108753,-0.000854092902882578
1304,0.748337441731485,-0.000859694090156111
1305,0.747474991451438,-0.000865188708439403
1306,0.746607099837603,-0.000870576757732456
1307,0.74573387345897,-0.000875858238035268
1308,0.744855418884529,-0.000881033149347839
1309,0.743971842683271,-0.000886101491670171
1310,0.743083251424185,-0.000891063265002262
1311,0.742189751676263,-0.000895918469344114
1312,0.741291450008494,-0.000900667104695725
1313,0.740388452989868,-0.000905309171057095
1314,0.739480867189376,-0.000909844668428226
1315,0.738568799176009,-0.000914273596809116
1316,0.737652355518755,-0.000918595956199766
1317,0.736731642786606,-0.000922811746600176
1318,0.735806767548551,-0.000926920968010346
1319,0.734877836373582,-0.000930923620430275
1320,0.733944955830688,-0.000934819703859965
1321,0.733008232488859,-0.000938609218299414
1322,0.732067772917085,-0.000942292163748622
1323,0.731123683684358,-0.000945868540207591
1324,0.730176071359667,-0.000949338347676319
1325,0.729225042512002,-0.000952701586154808
1326,0.728270703710354,-0.000955958255643056
1327,0.727313161523713,-0.000959108356141063
1328,0.726352522521069,-0.000962151887648831
1329,0.725388893271412,-0.000965088850166358
1330,0.724422380343733,-0.000967919243693645
1331,0.723453090307022,-0.000970643068230692
1332,0.722481129730268,-0.000973260323777499
1333,0.721506605182463,-0.000975771010334065
1334,0.720529623232597,-0.000978175127900391
1335,0.719550290449659,-0.000980472676476477
1336,0.718568713402641,-0.000982663656062323
1337,0.717584998660531,-0.000984748066657929
1338,0.716599252792322,-0.000986725908263294
1339,0.715611582367002,-0.000988597180878419
1340,0.714622093953561,-0.000990361884503304
1341,0.713630894120992,-0.000992020019137949
1342,0.712638089438282,-0.000993571584782353
1343,0.711643786474424,-0.000995016581436517
1344,0.710648091798406,-0.000996355009100441
1345,0.709651111979219,-0.000997586867774125
1346,0.708652953585854,-0.000998712157457569
1347,0.707653723187301,-0.000999730878150772
1348,0.70665352735255,-0.00100064302985374
1349,0.70565247265059,-0.00100144861256646
1350,0.704650665650413,-0.00100214762628894
1351,0.703648212921009,-0.00100274007102118
1352,0.702645221031368,-0.00100322594676319
1353,0.70164179655048,-0.00100360525351495
1354,0.700638046047335,-0.00100387799127647
1355,0.699634076090923,-0.00100404416004775
1356,0.698629993250236,-0.00100410375982879
1357,0.697625904094263,-0.00100405679061959
1358,0.696621915191994,-0.00100390325242016
1359,0.695618133112419,-0.00100364314523048
1360,0.694614664424529,-0.00100327646905056
1361,0.693611615697315,-0.0010028032238804
1362,0.692609093499765,-0.00100222340972
1363,0.691607204400871,-0.00100153702656936
1364,0.690606054969623,-0.00100074407442848
1365,0.689605751775011,-0.000999844553297356
1366,0.688606401386025,-0.000998838463175995
1367,0.687608110371656,-0.000997725804064394
1368,0.686610985300893,-0.000996506575962553
1369,0.685615132742728,-0.000995180778870472
1370,0.684620659266149,-0.00099374841278815
1371,0.683627671440148,-0.000992209477715588
1372,0.682636275833715,-0.000990563973652786
1373,0.681646579015839,-0.000988811900599744
1374,0.680658687555512,-0.000986953258556461
1375,0.679672708021723,-0.000984988047522939
1376,0.678688746983463,-0.000982916267499176
1377,0.677706911009721,-0.000980737918485173
1378,0.676727306669489,-0.000978453000480929
1379,0.675750040531756,-0.000976061513486446
1380,0.674775219165513,-0.000973563457501722
1381,0.67380294913975,-0.000970958832526758
1382,0.672833337023456,-0.000968247638561554
1383,0.671866301361628,-0.00096707007804015
1384,0.670897098755873,-0.000971324523004963
1385,0.669923673536549,-0.000975515305177973
1386,0.668946089366448,-0.000979642424559182
1387,0.667964409908361,-0.000983705881148589
1388,0.666978698825081,-0.000987705674946194
1389,0.665989019779399,-0.000991641805951997
1390,0.664995436434108,-0.000995514274165998
1391,0.663998012451998,-0.000999323079588197
1392,0.662996811495862,-0.00100306822221859
1393,0.661991897228491,-0.00100674970205719
1394,0.660983333312678,-0.00101036751910398
1395,0.659971183411214,-0.00101392167335897
1396,0.658955511186891,-0.00101741216482216
1397,0.6579363803025,-0.00102083899349355
1398,0.656913854420834,-0.00102420215937314
1399,0.655887997204684,-0.00102750166246092
1400,0.654858872316843,-0.0010307375027569
1401,0.653826543420101,-0.00103390968026108
1402,0.652791074177251,-0.00103701819497346
1403,0.651752528251085,-0.00104006304689403
1404,0.650710969304394,-0.00104304423602281
1405,0.64966646099997,-0.00104596176235978
1406,0.648619067000605,-0.00104881562590495
1407,0.647568850969091,-0.00105160582665832
1408,0.646515876568219,-0.00105433236461988
1409,0.645460207460781,-0.00105699523978965
1410,0.64440190730957,-0.00105959445216761
1411,0.643341039777377,-0.00106213000175377
1412,0.642277668526993,-0.00106460188854813
1413,0.641211857221211,-0.00106701011255068
1414,0.640143669522822,-0.00106935467376144
1415,0.639073169094619,-0.00107163557218039
1416,0.638000419599392,-0.00107385280780754
1417,0.636925484699934,-0.00107600638064289
1418,0.635848428059037,-0.00107809629068644
1419,0.634769313339492,-0.00108012253793818
1420,0.633688204204091,-0.00108208512239812
1421,0.632605164315627,-0.00108398404406627
1422,0.631520257336889,-0.0010858193029426
1423,0.630433546930672,-0.00108759089902714
1424,0.629345096759766,-0.00108929883231988
1425,0.628254970486963,-0.00109094310282081
1426,0.627163231775055,-0.00109252371052994
1427,0.626069944286833,-0.00109404065544727
1428,0.624975171685091,-0.0010954939375728
1429,0.623878977632618,-0.00109688355690652
1430,0.622781425792208,-0.00109820951344845
1431,0.621682579826652,-0.00109947180719857
1432,0.620582503398742,-0.00110067043815689
1433,0.619481260171269,-0.0011018054063234
1434,0.618378913807026,-0.00110287671169812
1435,0.617275527968803,-0.00110388435428103
1436,0.616171166319394,-0.00110482833407215
1437,0.61506589252159,-0.00110570865107145
1438,0.613959770238182,-0.00110652530527896
1439,0.612852863131962,-0.00110727829669467
1440,0.611745234865723,-0.00110796762531857
1441,0.610636949102256,-0.00110859329115067
1442,0.609528069504352,-0.00110915529419097
1443,0.608418659734804,-0.00110965363443947
1444,0.607308783456404,-0.00111008831189617
1445,0.606198504331943,-0.00111045932656106
1446,0.605087886024212,-0.00111076667843416
1447,0.603976992196005,-0.00111101036751545
1448,0.602865886510112,-0.00111119039380493
